Alimtalk	M	ko/common-console-guide.md
Alimtalk	M	ko/friendtalkupgrade-api-guide.md
Alimtalk	M	ko/friendtalkupgrade-console-guide.md
Alimtalk	M	ko/release-notes.md
Alimtalk	M	ko/webhook-api-guide.md
AppGuard	M	ko/release-notes.md
CDN	A	ko/api-guide-v3.0.md
CDN	M	ko/release-notes.md
Compute-Image	M	ko/public-api.md
Compute-Instance	M	ko/public-api.md
Data-Lake-Storage	A	ko/delete-objects.md
Data-Lake-Storage	A	ko/get-bucket-acl.md
Data-Lake-Storage	M	ko/release-notes.md
Deploy	M	ko/plugin-guide.md
Deploy	M	ko/reference.md
GameStarter	M	ko/release-notes-console.md
Gamebase	D	ko/old/Android Developer`s Guide.md
Gamebase	D	ko/old/Developer`s Guide.md
Gamebase	D	ko/old/Developers Guide.md
Gamebase	D	ko/old/Development for Ongame.md
Gamebase	D	ko/old/Getting Started.md
Gamebase	D	ko/old/Operator`s Guide.md
Gamebase	D	ko/old/Overview.md
Gamebase	D	ko/old/README.md
Gamebase	D	ko/old/Release Notes.md
Gamebase	D	ko/old/Server Developer`s Guide.md
Gamebase	D	ko/old/Unity Developer`s Guide.md
Gamebase	D	ko/old/aos-authentication.md
Gamebase	D	ko/old/aos-initialization.md
Gamebase	D	ko/old/aos-purchase.md
Gamebase	D	ko/old/aos-push.md
Gamebase	D	ko/old/aos-started.md
Gamebase	D	ko/old/aos-ui.md
Gamebase	D	ko/old/error-codes.md
Gamebase	D	ko/old/iOS Developer`s Guide.md
Gamebase	D	ko/old/ios-authentication.md
Gamebase	D	ko/old/ios-initialization.md
Gamebase	D	ko/old/ios-purchase.md
Gamebase	D	ko/old/ios-push.md
Gamebase	D	ko/old/ios-started.md
Gamebase	D	ko/old/ios-ui.md
Gamebase	D	ko/old/oper-app.md
Gamebase	D	ko/old/oper-ban.md
Gamebase	D	ko/old/oper-management.md
Gamebase	D	ko/old/oper-member.md
Gamebase	D	ko/old/oper-operating-indicator.md
Gamebase	D	ko/old/oper-operation.md
Gamebase	D	ko/old/oper-purchase.md
Gamebase	D	ko/old/oper-push.md
Gamebase	D	ko/old/unity-authentication.md
Gamebase	D	ko/old/unity-initialization.md
Gamebase	D	ko/old/unity-purchase.md
Gamebase	D	ko/old/unity-push.md
Gamebase	D	ko/old/unity-started.md
Gamebase	D	ko/old/unity-ui.md
Gamebase	D	ko/quick-guide.md
Gamebase	M	ko/ios-push.md
Gamebase	M	ko/release-notes-android.md
Gamebase	M	ko/release-notes-unity.md
Gamebase	M	ko/release-notes-unreal.md
Launching	M	ko/api-guide.md
Monitoring-Cloud-Monitoring	M	ko/new-instance-metric.md
Monitoring-Cloud-Monitoring	M	ko/release-notes.md
Network-ACL	M	ko/public-api.md
PrivateCA	M	ko/api-guide-v2.0.md
PrivateCA	M	ko/console-guide.md
RDS-FOR-POSTGRESQL	M	ko/backup-and-restore.md
RDS-FOR-POSTGRESQL	M	ko/db-instance.md
RDS-FOR-POSTGRESQL	M	ko/release-notes.md
ROLE	M	ko/api-guide.md
ROLE	M	ko/api-v3-guide.md
SMS	M	ko/console-guide.md
SMS	M	ko/error-code.md
SMS	M	ko/release-notes.md
STT	M	ko/api-guide.md
Storage-Block-Storage	M	ko/public-api.md
Storage-Object-Storage	M	ko/s3-api-guide.md
Storage-Object-Storage	M	ko/third-party-tools-guide.md
Storage-Online-NAS	M	ko/terraform-guide.md
TOAST-Cloud	M	ko/console-guide.md
TOAST-Cloud	M	ko/public-api/partner-api.md
TOAST-Cloud	M	ko/public-api/service-api.md
TOAST-Cloud	M	ko/public-api/supported-authentication-methods.md
TTS	M	ko/api-guide.md
TTS	M	ko/console-guide.md
TTS	M	ko/overview.md
TTS	M	ko/release-notes.md
Vaccine	M	ko/console-guide-ahnlabcpp.md
kms	M	ko/api-guide-v1.0.md
kms	M	ko/api-guide-v1.2.md
kms	M	ko/api-guide-v1.3.md
kms	M	ko/release-notes.md
notification-hub	M	ko/api-guide-v1x0/attachment.md
notification-hub	M	ko/api-guide-v1x0/common-info.md
notification-hub	M	ko/api-guide-v1x0/contact-delivery-result.md
notification-hub	M	ko/api-guide-v1x0/flow.md
notification-hub	M	ko/api-guide-v1x0/grouptag.md
notification-hub	M	ko/api-guide-v1x0/image-layout.md
notification-hub	M	ko/api-guide-v1x0/kakao-statistics.md
notification-hub	M	ko/api-guide-v1x0/message-example.md
notification-hub	M	ko/api-guide-v1x0/message.md
notification-hub	M	ko/api-guide-v1x0/sender-unsubscribe.md
notification-hub	M	ko/api-guide-v1x0/stats.md
notification-hub	M	ko/api-guide-v1x0/template-category.md
notification-hub	M	ko/api-guide-v1x0/template.md
notification-hub	M	ko/console-guide/address-book.md
notification-hub	M	ko/console-guide/attachment.md
notification-hub	M	ko/console-guide/detailed-setting.md
notification-hub	M	ko/console-guide/flow.md
notification-hub	M	ko/console-guide/get-contact-delivery-results.md
notification-hub	M	ko/console-guide/getting-started.md
notification-hub	M	ko/console-guide/send-a-message.md
notification-hub	M	ko/console-guide/sender-info.md
notification-hub	M	ko/console-guide/statistics.md
notification-hub	M	ko/console-guide/template.md
notification-hub	M	ko/error-code.md
notification-hub	M	ko/overview.md
notification-hub	M	ko/problem-solving-guide.md
notification-hub	M	ko/release-note.md
notification-hub	M	ko/service-policy-and-precondition/alimtalk-and-friendtalk.md
notification-hub	M	ko/service-policy-and-precondition/email.md
notification-hub	M	ko/service-policy-and-precondition/identity-verification.md
notification-hub	M	ko/service-policy-and-precondition/international-sms.md
notification-hub	M	ko/service-policy-and-precondition/push.md
notification-hub	M	ko/service-policy-and-precondition/rcs.md
notification-hub	M	ko/service-policy-and-precondition/sms.md
pipeline	M	ko/release-notes.md
